run_uuid,name,source_type,source_name,entry_point_name,user_id,status,start_time,end_time,source_version,lifecycle_stage,artifact_uri,experiment_id,deleted_time,param_batch_size,param_dropout_fc,param_dropout_lstm,param_finetune_epochs,param_hidden_size,param_lr,param_num_layers,param_pretrain_epochs,param_pretrain_strategy,param_resolution,param_weight_decay,metric_hamming_loss,metric_macro_auc,metric_macro_f1,metric_pretrain_loss,metric_subset_accuracy,metric_train_loss,metric_val_hamming_loss,metric_val_loss,metric_val_macro_auc,metric_val_macro_f1,metric_val_subset_accuracy
57f64facbadc40c087865fbbc96a8479,temporal_encoder_expanded_parent,UNKNOWN,,,fredr,FINISHED,1785813165571,1785813231984,,active,file:///C:/Users/fredr/OneDrive/Desktop/Projects/ECG_Encoder/mlruns/4/57f64facbadc40c087865fbbc96a8479/artifacts,4,,,,,,,,,,,,,,,,,,,,,,,
f9ca3da4cedd4e3689cba9e68c0cedc4,trial_1_lr_0.001_hidden_128_layers_4_ssl_mae,UNKNOWN,,,fredr,FINISHED,1785813165779,1785813231969,,active,file:///C:/Users/fredr/OneDrive/Desktop/Projects/ECG_Encoder/mlruns/4/f9ca3da4cedd4e3689cba9e68c0cedc4/artifacts,4,,64,0.2,0.3,1,128,0.001,4,1,mae,lr,0.0,0.22933333333333333,0.5120170548947989,0.13875181422351232,0.05386663327614467,0.5,0.5374029456774394,0.27155555555555555,0.5429451400703854,0.499375085560035,0.12727272727272726,0.45555555555555555
d9b758d6c8b24acaaaabf36619330b2b,temporal_encoder_expanded_parent,UNKNOWN,,,fredr,FAILED,1785813251146,1785835038748,,active,file:///C:/Users/fredr/OneDrive/Desktop/Projects/ECG_Encoder/mlruns/4/d9b758d6c8b24acaaaabf36619330b2b/artifacts,4,,,,,,,,,,,,,,,,,,,,,,,
cc9e671a9ef146eaae4b40bc1ac57c99,trial_1_lr_0.001_hidden_128_layers_4_ssl_mae,UNKNOWN,,,fredr,FINISHED,1785813251317,1785813636863,,active,file:///C:/Users/fredr/OneDrive/Desktop/Projects/ECG_Encoder/mlruns/4/cc9e671a9ef146eaae4b40bc1ac57c99/artifacts,4,,64,0.2,0.3,10,128,0.001,4,3,mae,lr,0.0,0.22933333333333333,0.49689368818425167,0.13875181422351232,0.05313474133610725,0.5,0.5088604013125102,0.27155555555555555,0.5507203259732988,0.4730289773361377,0.12727272727272726,0.45555555555555555
8a88709383b84fcaadb96976623421e2,trial_2_lr_0.001_hidden_512_layers_4_ssl_mae,UNKNOWN,,,fredr,FAILED,1785813637042,1785813683469,,active,file:///C:/Users/fredr/OneDrive/Desktop/Projects/ECG_Encoder/mlruns/4/8a88709383b84fcaadb96976623421e2/artifacts,4,,64,0.4,0.1,10,512,0.001,4,3,mae,lr,0.0,,,,,,,,,,,
aa86823b71eb4ca982cf73014f4dfcb4,trial_3_lr_0.001_hidden_128_layers_2_ssl_mae,UNKNOWN,,,fredr,FINISHED,1785813683604,1785813973959,,active,file:///C:/Users/fredr/OneDrive/Desktop/Projects/ECG_Encoder/mlruns/4/aa86823b71eb4ca982cf73014f4dfcb4/artifacts,4,,64,0.2,0.1,10,128,0.001,2,3,mae,lr,1e-05,0.20177777777777778,0.6533980873929814,0.14511970534069982,0.052558707038561504,0.42,0.47065477633476255,0.2288888888888889,0.5033871055973901,0.6699772527054588,0.14262948207171317,0.4066666666666667
4392e81806594ca59adcd7e74a2b8aca,trial_4_lr_0.0005_hidden_512_layers_3_ssl_contrastive,UNKNOWN,,,fredr,FAILED,1785813974063,1785813980026,,active,file:///C:/Users/fredr/OneDrive/Desktop/Projects/ECG_Encoder/mlruns/4/4392e81806594ca59adcd7e74a2b8aca/artifacts,4,,64,0.2,0.1,10,512,0.0005,3,3,contrastive,lr,1e-05,,,,,,,,,,,
be24d19623b648c9bb45682daa13c64b,trial_5_lr_0.0005_hidden_128_layers_2_ssl_contrastive,UNKNOWN,,,fredr,FINISHED,1785813980048,1785814382414,,active,file:///C:/Users/fredr/OneDrive/Desktop/Projects/ECG_Encoder/mlruns/4/be24d19623b648c9bb45682daa13c64b/artifacts,4,,64,0.1,0.3,10,128,0.0005,2,3,contrastive,lr,0.0,0.2288888888888889,0.5499005902380294,0.12708333333333333,0.6802382515271505,0.3844444444444444,0.4977679090499878,0.25466666666666665,0.5385331783029769,0.5821435153201587,0.12654545454545454,0.3933333333333333
5f5b04b538fd4bff89014c651942569e,trial_6_lr_0.001_hidden_256_layers_3_ssl_mae,UNKNOWN,,,fredr,FINISHED,1785814382463,1785816198755,,active,file:///C:/Users/fredr/OneDrive/Desktop/Projects/ECG_Encoder/mlruns/4/5f5b04b538fd4bff89014c651942569e/artifacts,4,,64,0.1,0.3,10,256,0.001,3,3,mae,lr,1e-05,0.22933333333333333,0.5043459642248512,0.13875181422351232,0.052407044728597,0.5,0.5043139282067617,0.27155555555555555,0.5460690910286373,0.4747873476031829,0.12727272727272726,0.45555555555555555
61520554ff264c349346fbbd504ffafa,trial_7_lr_0.0005_hidden_128_layers_4_ssl_mae,UNKNOWN,,,fredr,FINISHED,1785816198870,1785816913359,,active,file:///C:/Users/fredr/OneDrive/Desktop/Projects/ECG_Encoder/mlruns/4/61520554ff264c349346fbbd504ffafa/artifacts,4,,64,0.3,0.3,10,128,0.0005,4,3,mae,lr,0.0,0.22933333333333333,0.5304220198994285,0.13895348837209304,0.05340215817093849,0.5,0.5052388367652894,0.27111111111111114,0.545753016339408,0.516986749368718,0.1274658573596358,0.45555555555555555
4cf9e56cfe5e4bebacbd9fc8090e92fc,trial_8_lr_0.001_hidden_512_layers_2_ssl_mae,UNKNOWN,,,fredr,FAILED,1785816913524,1785835038735,,active,file:///C:/Users/fredr/OneDrive/Desktop/Projects/ECG_Encoder/mlruns/4/4cf9e56cfe5e4bebacbd9fc8090e92fc/artifacts,4,,64,0.1,0.3,10,512,0.001,2,3,mae,lr,0.0,,,,0.05224151430527369,,,,,,,
e0e957c8a2f0475dae627f603e4d99f1,temporal_encoder_expanded_parent,UNKNOWN,,,fredr,FINISHED,1785821594412,1785821594484,,active,file:///C:/Users/fredr/OneDrive/Desktop/Projects/ECG_Encoder/mlruns/4/e0e957c8a2f0475dae627f603e4d99f1/artifacts,4,,,,,,,,,,,,,,,,,,,,,,,
b9f16875321b43e285089a53db158f74,temporal_encoder_expanded_parent,UNKNOWN,,,fredr,FAILED,1785821622338,1785835038721,,active,file:///C:/Users/fredr/OneDrive/Desktop/Projects/ECG_Encoder/mlruns/4/b9f16875321b43e285089a53db158f74/artifacts,4,,,,,,,,,,,,,,,,,,,,,,,
5b4ff723f5df41c89270c0ec7eb19dca,trial_2_lr_0.001_hidden_128_layers_4_ssl_mae,UNKNOWN,,,fredr,FINISHED,1785821622885,1785822549117,,active,file:///C:/Users/fredr/OneDrive/Desktop/Projects/ECG_Encoder/mlruns/4/5b4ff723f5df41c89270c0ec7eb19dca/artifacts,4,,64,0.1,0.4,10,128,0.001,4,3,mae,lr,0.0,0.22933333333333333,0.5353643703517964,0.13875181422351232,0.053117551376422247,0.5,0.5052034837404887,0.27155555555555555,0.5496060597896576,0.49812390867999773,0.12727272727272726,0.45555555555555555
7333b070af6d487bab52d4229235adea,trial_3_lr_0.001_hidden_128_layers_4_ssl_mae,UNKNOWN,,,fredr,FINISHED,1785822549158,1785824659808,,active,file:///C:/Users/fredr/OneDrive/Desktop/Projects/ECG_Encoder/mlruns/4/7333b070af6d487bab52d4229235adea/artifacts,4,,64,0.2,0.1,10,128,0.001,4,3,mae,lr,1e-05,0.228,0.4867330633601588,0.13900293255131965,0.053036609391371406,0.49777777777777776,0.5039016366799672,0.2702222222222222,0.5461432262261708,0.5151626816276151,0.12718894009216591,0.45111111111111113
6a6bee1a891248c9ae13d9fe1bea29d4,trial_4_lr_0.0005_hidden_256_layers_2_ssl_contrastive,UNKNOWN,,,fredr,FINISHED,1785824659862,1785827539589,,active,file:///C:/Users/fredr/OneDrive/Desktop/Projects/ECG_Encoder/mlruns/4/6a6bee1a891248c9ae13d9fe1bea29d4/artifacts,4,,64,0.4,0.2,10,256,0.0005,2,3,contrastive,lr,1e-05,0.22444444444444445,0.513192244639549,0.13846153846153847,0.41780527408917745,0.47555555555555556,0.506067900021871,0.268,0.5408780878119999,0.5831997968293468,0.12634920634920635,0.44222222222222224
48a3e3c17a2f489ca05b347280d74672,trial_5_lr_0.001_hidden_128_layers_3_ssl_mae,UNKNOWN,,,fredr,FINISHED,1785827539620,1785830147907,,active,file:///C:/Users/fredr/OneDrive/Desktop/Projects/ECG_Encoder/mlruns/4/48a3e3c17a2f489ca05b347280d74672/artifacts,4,,64,0.1,0.1,10,128,0.001,3,3,mae,lr,1e-05,0.24177777777777779,0.53715902284767,0.0,0.0529125971198082,0.011111111111111112,0.5028827765782674,0.25822222222222224,0.5521824978457557,0.5915885613957104,0.0,0.03111111111111111
8b329bf9e69245f7bbc2f3de32aab2ab,trial_6_lr_0.0005_hidden_256_layers_4_ssl_mae,UNKNOWN,,,fredr,FAILED,1785830148063,1785835038701,,active,file:///C:/Users/fredr/OneDrive/Desktop/Projects/ECG_Encoder/mlruns/4/8b329bf9e69245f7bbc2f3de32aab2ab/artifacts,4,,64,0.1,0.3,10,256,0.0005,4,3,mae,lr,1e-05,,,,0.053311582605044046,,0.5067854719161987,0.27155555555555555,0.5530625744660695,0.5113956771330042,0.12727272727272726,0.45555555555555555
9c2d4bb403514801beb52b16a74a4bf5,temporal_encoder_expanded_parent,UNKNOWN,,,fredr,FINISHED,1785835091030,1785875556588,,active,file:///C:/Users/fredr/OneDrive/Desktop/Projects/ECG_Encoder/mlruns/4/9c2d4bb403514801beb52b16a74a4bf5/artifacts,4,,,,,,,,,,,,,,,,,,,,,,,
32a00accc8d849a188643fb81d6c3090,trial_6_lr_0.0005_hidden_256_layers_4_ssl_mae,UNKNOWN,,,fredr,FINISHED,1785835091840,1785840075388,,active,file:///C:/Users/fredr/OneDrive/Desktop/Projects/ECG_Encoder/mlruns/4/32a00accc8d849a188643fb81d6c3090/artifacts,4,,64,0.1,0.3,10,256,0.0005,4,3,mae,lr,1e-05,0.2311111111111111,0.5112601538362554,0.13514328808446457,0.05309363395969073,0.4666666666666667,0.49970412023862204,0.2688888888888889,0.5501722501383888,0.48547988702302425,0.1247588424437299,0.4311111111111111
1bf43bac10e745bbacacf6e6bf224f9d,trial_8_lr_0.001_hidden_128_layers_3_ssl_contrastive,UNKNOWN,,,fredr,FINISHED,1785840075657,1785841478791,,active,file:///C:/Users/fredr/OneDrive/Desktop/Projects/ECG_Encoder/mlruns/4/1bf43bac10e745bbacacf6e6bf224f9d/artifacts,4,,64,0.2,0.1,10,128,0.001,3,3,contrastive,lr,0.0,0.22933333333333333,0.4928314013625762,0.13875181422351232,0.532622903585434,0.5,0.505756113131841,0.27155555555555555,0.5443303790357378,0.4565025897095925,0.12727272727272726,0.45555555555555555
71cfe779793d410082fbe47a712f8195,trial_9_lr_0.0005_hidden_256_layers_4_ssl_contrastive,UNKNOWN,,,fredr,FINISHED,1785841478912,1785847823911,,active,file:///C:/Users/fredr/OneDrive/Desktop/Projects/ECG_Encoder/mlruns/4/71cfe779793d410082fbe47a712f8195/artifacts,4,,64,0.2,0.3,10,256,0.0005,4,3,contrastive,lr,1e-05,0.22444444444444445,0.5581152721684912,0.1264705882352941,0.48152042520046234,0.3688888888888889,0.4970692511399587,0.2528888888888889,0.540854195356369,0.5760113249324477,0.12173913043478261,0.3488888888888889
642c7c16435a4223b552259ed9ef7c6f,trial_10_lr_0.001_hidden_256_layers_4_ssl_mae,UNKNOWN,,,fredr,FINISHED,1785847824086,1785853010373,,active,file:///C:/Users/fredr/OneDrive/Desktop/Projects/ECG_Encoder/mlruns/4/642c7c16435a4223b552259ed9ef7c6f/artifacts,4,,64,0.2,0.1,10,256,0.001,4,3,mae,lr,0.0,0.22933333333333333,0.5248530640894616,0.1361573373676248,0.05290731911857923,0.47555555555555556,0.5054153651396434,0.268,0.5461644963423411,0.5155862656033801,0.12611464968152866,0.4311111111111111
d7d099521d944eaa8f488b76a5375324,trial_11_lr_0.0005_hidden_256_layers_3_ssl_mae,UNKNOWN,,,fredr,FINISHED,1785853010479,1785856493045,,active,file:///C:/Users/fredr/OneDrive/Desktop/Projects/ECG_Encoder/mlruns/4/d7d099521d944eaa8f488b76a5375324/artifacts,4,,64,0.3,0.2,10,256,0.0005,3,3,mae,lr,0.0,0.22977777777777778,0.5200644334817861,0.13575757575757577,0.05318579092621803,0.4688888888888889,0.5063412903944652,0.26711111111111113,0.5424942772918278,0.5168016758301147,0.12698412698412698,0.43555555555555553
476bf36b2a8f48b29e4e5a97cdaa2396,trial_12_lr_0.001_hidden_256_layers_3_ssl_contrastive,UNKNOWN,,,fredr,FINISHED,1785856493149,1785861764544,,active,file:///C:/Users/fredr/OneDrive/Desktop/Projects/ECG_Encoder/mlruns/4/476bf36b2a8f48b29e4e5a97cdaa2396/artifacts,4,,64,0.1,0.3,10,256,0.001,3,3,contrastive,lr,0.0,0.23022222222222222,0.5316211082870935,0.12007504690431521,0.9998884584108988,0.3333333333333333,0.4993487474123637,0.25955555555555554,0.5471497548951043,0.551518491679175,0.11509054325955734,0.33111111111111113
37a18f23b834400f8ce66f56ac0aeac6,trial_13_lr_0.001_hidden_256_layers_3_ssl_mae,UNKNOWN,,,fredr,FINISHED,1785861764703,1785866026234,,active,file:///C:/Users/fredr/OneDrive/Desktop/Projects/ECG_Encoder/mlruns/4/37a18f23b834400f8ce66f56ac0aeac6/artifacts,4,,64,0.2,0.4,10,256,0.001,3,3,mae,lr,1e-05,0.22355555555555556,0.5408894240320887,0.13465346534653466,0.05273868001500766,0.4288888888888889,0.5010291500091553,0.26222222222222225,0.5475349452760484,0.5536738711942745,0.1248713550600343,0.4088888888888889
2e9de704fb3b44fa85a7c8bf0a2c240f,trial_14_lr_0.001_hidden_256_layers_4_ssl_mae,UNKNOWN,,,fredr,FINISHED,1785866026399,1785872806171,,active,file:///C:/Users/fredr/OneDrive/Desktop/Projects/ECG_Encoder/mlruns/4/2e9de704fb3b44fa85a7c8bf0a2c240f/artifacts,4,,64,0.4,0.4,10,256,0.001,4,3,mae,lr,1e-05,0.23022222222222222,0.48949251683044565,0.1376281112737921,0.05310124104221662,0.4911111111111111,0.5088171733220418,0.27066666666666667,0.5447999131679535,0.5587313296464567,0.12765957446808512,0.45555555555555555
de3ec4c8fc294d7b89034e0c8db6a7e2,trial_15_lr_0.001_hidden_256_layers_2_ssl_mae,UNKNOWN,,,fredr,FINISHED,1785872806249,1785875556557,,active,file:///C:/Users/fredr/OneDrive/Desktop/Projects/ECG_Encoder/mlruns/4/de3ec4c8fc294d7b89034e0c8db6a7e2/artifacts,4,,64,0.1,0.1,10,256,0.001,2,3,mae,lr,0.0,0.22933333333333333,0.5286939902452684,0.13875181422351232,0.05211286034186681,0.5,0.5037802294095357,0.27155555555555555,0.5469178983900282,0.4929407102230641,0.12727272727272726,0.45555555555555555
